id,name,state,census_region,pop_dens,pop_dens4,pop_dens6,pct_black,pop,female,white,black,travel_time,land_area,hh_income,su_gun4,su_gun6,fips,votes_dem_2016,votes_gop_2016,total_votes_2016,per_dem_2016,per_gop_2016,diff_2016,per_dem_2012,per_gop_2012,diff_2012,winner,partywinner16,winner12,partywinner12,flipped
09001,Fairfield County,CT,Northeast,"[ 1000, 5000)","[118,71672]","[215,71672]","[10.0,15.0)",945438,51.3,80.2,12,28.2,624.89,82283,"[ 0, 5)","[ 0, 4)",9001,238723,155457,410279,0.581855274,0.378905574,83266,0.549797625,0.440945083,42519,Clinton,Democrat,Obama,Democrat,No
09003,Hartford County,CT,Northeast,"[ 1000, 5000)","[118,71672]","[215,71672]","[15.0,25.0)",897985,51.5,77.3,15,22.1,735.1,64967,"[ 0, 5)","[ 0, 4)",9003,233789,147912,399219,0.585615915,0.370503408,85877,0.62247984,0.365996153,100666,Clinton,Democrat,Obama,Democrat,No
09005,Litchfield County,CT,Northeast,"[  100,  500)","[118,71672]","[ 82,  215)","[ 0.0, 2.0)",184993,50.7,94.6,1.8,26.5,920.56,71338,"[ 0, 5)","[ 4, 7)",9005,39836,53376,97434,0.40885112,0.547816984,13540,0.474254361,0.510876153,3384,Trump,Republican,Romney,Republican,No
09007,Middlesex County,CT,Northeast,"[  100,  500)","[118,71672]","[215,71672]","[ 5.0,10.0)",164943,51.2,89.7,5.3,25.2,369.3,76994,"[ 0, 5)","[ 4, 7)",9007,45306,38847,88402,0.512499717,0.439435759,6459,0.573429842,0.413831534,13318,Clinton,Democrat,Obama,Democrat,No
09009,New Haven County,CT,Northeast,"[ 1000, 5000)","[118,71672]","[215,71672]","[10.0,15.0)",861277,51.7,79.3,14,24,604.51,61996,"[ 0, 5)","[ 0, 4)",9009,203601,158373,375909,0.541623106,0.421306752,45228,0.618748033,0.371028261,92098,Clinton,Democrat,Obama,Democrat,No
09011,New London County,CT,Northeast,"[  100,  500)","[118,71672]","[215,71672]","[ 5.0,10.0)",273676,50,84.1,6.8,22.8,664.88,66583,"[ 0, 5)","[ 0, 4)",9011,62951,54574,124527,0.505520891,0.438250339,8377,0.583201073,0.400857571,20795,Clinton,Democrat,Obama,Democrat,No
09013,Tolland County,CT,Northeast,"[  100,  500)","[118,71672]","[215,71672]","[ 2.0, 5.0)",151367,49.9,90.5,3.5,25.8,410.21,80529,"[ 0, 5)","[ 0, 4)",9013,38450,33989,77069,0.49890358,0.441020384,4461,0.555001413,0.429372704,8892,Clinton,Democrat,Obama,Democrat,No
09015,Windham County,CT,Northeast,"[  100,  500)","[118,71672]","[215,71672]","[ 2.0, 5.0)",116998,50.3,93,2.8,26.3,512.91,59333,"[ 0, 5)","[ 4, 7)",9015,21776,25738,50703,0.42948149,0.507622823,3962,0.556525282,0.423682292,6195,Trump,Republican,Obama,Democrat,Yes
23001,Androscoggin County,ME,Northeast,"[  100,  500)","[118,71672]","[215,71672]","[ 2.0, 5.0)",107440,50.9,93,3.8,23.2,467.93,44921,"[ 5, 8)","[ 4, 7)",23001,22975,28189,55340,0.415160824,0.509378388,5214,0.550295971,0.422733588,6702,Trump,Republican,Obama,Democrat,Yes
23003,Aroostook County,ME,Northeast,"[   10,   50)","[  0,   17)","[  9,   25)","[ 0.0, 2.0)",69447,50.7,95.5,0.8,17,6671.33,37855,"[ 8,11)","[ 8,10)",23003,13377,19419,34963,0.382604468,0.555415725,6042,0.526900136,0.449684049,2615,Trump,Republican,Obama,Democrat,Yes
23005,Cumberland County,ME,Northeast,"[  100,  500)","[118,71672]","[215,71672]","[ 2.0, 5.0)",287797,51.5,92.9,2.8,22.3,835.24,57461,"[ 0, 5)","[ 4, 7)",23005,102935,57697,171249,0.601083802,0.336918756,45238,0.605033105,0.341580035,43969,Clinton,Democrat,Obama,Democrat,No
23007,Franklin County,ME,Northeast,"[   10,   50)","[ 17,   45)","[  9,   25)","[ 0.0, 2.0)",30296,51,97.2,0.4,23.5,1696.61,41626,"[ 8,11)","[ 8,10)",23007,7001,7900,16382,0.427359297,0.482236601,899,0.576713009,0.391323237,2987,Trump,Republican,Obama,Democrat,Yes
23009,Hancock County,ME,Northeast,"[   10,   50)","[ 17,   45)","[ 25,   45)","[ 0.0, 2.0)",54696,51.1,96.7,0.6,22.8,1586.89,47460,"[ 8,11)","[ 8,10)",23009,16107,13682,31983,0.503611293,0.427789763,2425,0.570401457,0.403344395,5135,Clinton,Democrat,Obama,Democrat,No
23011,Kennebec County,ME,Northeast,"[  100,  500)","[118,71672]","[ 82,  215)","[ 0.0, 2.0)",121112,51.3,96.4,0.6,23.1,867.52,46808,"[ 5, 8)","[ 7, 8)",23011,29296,31753,65999,0.443885513,0.48111335,2457,0.553926453,0.419232898,8516,Trump,Republican,Obama,Democrat,Yes
23013,Knox County,ME,Northeast,"[  100,  500)","[ 45,  118)","[ 82,  215)","[ 0.0, 2.0)",39676,50.6,97,0.6,18.7,365.13,49755,"[ 5, 8)","[ 7, 8)",23013,12440,9148,23021,0.540376178,0.397376309,3292,0.601172621,0.375511317,4965,Clinton,Democrat,Obama,Democrat,No
23015,Lincoln County,ME,Northeast,"[   50,  100)","[ 45,  118)","[ 45,   82)","[ 0.0, 2.0)",34170,51.1,97.4,0.4,25.2,455.82,50181,"[ 8,11)","[ 8,10)",23015,10241,9727,21432,0.477836879,0.45385405,514,0.546642152,0.429843236,2414,Clinton,Democrat,Obama,Democrat,No
23017,Oxford County,ME,Northeast,"[   10,   50)","[ 17,   45)","[ 25,   45)","[ 0.0, 2.0)",57238,50.3,97,0.4,26.8,2076.84,40674,"[ 8,11)","[ 8,10)",23017,12172,16214,31094,0.39145815900000003,0.521451084,4042,0.558641331,0.409480058,4286,Trump,Republican,Obama,Democrat,Yes
23019,Penobscot County,ME,Northeast,"[   10,   50)","[ 17,   45)","[ 25,   45)","[ 0.0, 2.0)",153414,50.6,95.4,0.9,22,3397.36,43734,"[ 5, 8)","[ 7, 8)",23019,32832,41601,80228,0.409233684,0.518534676,8769,0.502986873,0.474167757,2224,Trump,Republican,Obama,Democrat,Yes
23021,Piscataquis County,ME,Northeast,"[    0,   10)","[  0,   17)","[  0,    9)","[ 0.0, 2.0)",17026,50.2,96.8,0.5,24.9,3960.86,36646,"[11,54]","[12,54]",23021,3098,5403,9144,0.3388014,0.590879265,2305,0.463626251,0.509121246,409,Trump,Republican,Romney,Republican,No
23023,Sagadahoc County,ME,Northeast,"[  100,  500)","[118,71672]","[ 82,  215)","[ 0.0, 2.0)",35045,51.5,96.3,0.8,23.4,253.7,56733,"[ 5, 8)","[ 7, 8)",23023,10679,9304,21596,0.49448972,0.430820522,1375,0.570126362,0.406530337,3392,Clinton,Democrat,Obama,Democrat,No
23025,Somerset County,ME,Northeast,"[   10,   50)","[  0,   17)","[  9,   25)","[ 0.0, 2.0)",51163,50.4,97,0.5,25,3924.4,38642,"[ 8,11)","[10,12)",23025,9092,14998,25968,0.350123229,0.577556993,5906,0.494272414,0.477555151,413,Trump,Republican,Obama,Democrat,Yes
23027,Waldo County,ME,Northeast,"[   50,  100)","[ 45,  118)","[ 45,   82)","[ 0.0, 2.0)",39051,51.1,97,0.5,26.5,729.92,42221,"[ 8,11)","[ 8,10)",23027,10442,10378,22630,0.46142289,0.458594786,64,0.538329519,0.431683829,2237,Clinton,Democrat,Obama,Democrat,No
23029,Washington County,ME,Northeast,"[   10,   50)","[  0,   17)","[  9,   25)","[ 0.0, 2.0)",31808,50.8,92,0.6,19.1,2562.66,37236,"[11,54]","[12,54]",23029,6358,9037,16559,0.383960384,0.545745516,2679,0.494859101,0.478484387,258,Trump,Republican,Obama,Democrat,Yes
23031,York County,ME,Northeast,"[  100,  500)","[118,71672]","[ 82,  215)","[ 0.0, 2.0)",200710,51.3,96.3,0.7,27.2,990.71,57348,"[ 5, 8)","[ 7, 8)",23031,55828,50388,113962,0.489882592,0.442147382,5440,0.571343622,0.407695095,17613,Clinton,Democrat,Obama,Democrat,No
25001,Barnstable County,MA,Northeast,"[  500, 1000)","[118,71672]","[215,71672]","[ 2.0, 5.0)",214914,52.5,93.8,2.4,24.6,393.72,60526,"[ 0, 5)","[ 0, 4)",25001,71632,53842,132667,0.539938342,0.405843201,17790,0.531941125,0.455488155,10108,Clinton,Democrat,Obama,Democrat,No
25003,Berkshire County,MA,Northeast,"[  100,  500)","[118,71672]","[ 82,  215)","[ 2.0, 5.0)",128715,51.7,93.1,3.1,20.4,926.83,48450,"[ 0, 5)","[ 0, 4)",25003,43540,16799,64507,0.674965508,0.26042135,26741,0.758388214,0.221745373,34387,Clinton,Democrat,Obama,Democrat,No
25005,Bristol County,MA,Northeast,"[ 1000, 5000)","[118,71672]","[215,71672]","[ 2.0, 5.0)",554194,51.5,90.8,4.4,27,553.1,55298,"[ 0, 5)","[ 0, 4)",25005,127619,104775,246068,0.518633061,0.425796934,22844,0.594748816,0.390073675,49033,Clinton,Democrat,Obama,Democrat,No
25007,Dukes County,MA,Northeast,"[  100,  500)","[118,71672]","[ 82,  215)","[ 2.0, 5.0)",17356,50.4,91,3.6,16.5,103.25,66288,"[ 0, 5)","[ 0, 4)",25007,8338,2474,11434,0.729228616,0.216372223,5864,0.728880337,0.255543339,5166,Clinton,Democrat,Obama,Democrat,No
25009,Essex County,MA,Northeast,"[ 1000, 5000)","[118,71672]","[215,71672]","[ 5.0,10.0)",769091,51.8,87.2,6,28,492.56,67311,"[ 0, 5)","[ 0, 4)",25009,220027,135405,376140,0.584960387,0.359985644,84622,0.574605089,0.412414727,58915,Clinton,Democrat,Obama,Democrat,No
25011,Franklin County,MA,Northeast,"[  100,  500)","[ 45,  118)","[ 82,  215)","[ 0.0, 2.0)",70862,51.1,94.7,1.4,24.5,699.32,53663,"[ 0, 5)","[ 0, 4)",25011,24369,10327,37987,0.641508937,0.271856161,14042,0.718723404,0.248351064,17686,Clinton,Democrat,Obama,Democrat,No
25013,Hampden County,MA,Northeast,"[  500, 1000)","[118,71672]","[215,71672]","[10.0,15.0)",468161,51.8,83.8,10.6,22.7,617.14,49094,"[ 0, 5)","[ 0, 4)",25013,110313,78230,200220,0.550958945,0.390720208,32083,0.619586811,0.365561829,50253,Clinton,Democrat,Obama,Democrat,No
25015,Hampshire County,MA,Northeast,"[  100,  500)","[118,71672]","[215,71672]","[ 2.0, 5.0)",160939,53.3,89.4,2.9,23.3,527.26,61227,"[ 0, 5)","[ 0, 4)",25015,54572,22089,82329,0.662852701,0.268301571,32483,0.703330597,0.265726438,35186,Clinton,Democrat,Obama,Democrat,No
25017,Middlesex County,MA,Northeast,"[ 1000, 5000)","[118,71672]","[215,71672]","[ 5.0,10.0)",1570315,51.2,81.7,5.4,28.4,817.82,82090,"[ 0, 5)","[ 0, 4)",25017,508919,216163,767337,0.6632275,0.281705431,292756,0.625519511,0.356570745,200866,Clinton,Democrat,Obama,Democrat,No
25019,Nantucket County,MA,Northeast,"[  100,  500)","[118,71672]","[215,71672]","[ 5.0,10.0)",10856,48.6,88.9,7.9,12.1,44.97,85478,"[ 0, 5)","[ 0, 4)",25019,4144,1892,6404,0.647095565,0.29544035,2252,0.627849762,0.35837297,1643,Clinton,Democrat,Obama,Democrat,No
25021,Norfolk County,MA,Northeast,"[ 1000, 5000)","[118,71672]","[215,71672]","[ 5.0,10.0)",692254,52.1,81.7,6.7,31.5,396.11,84916,"[ 0, 5)","[ 0, 4)",25021,219129,119171,357781,0.612466844,0.333083646,99958,0.573654678,0.413067006,56237,Clinton,Democrat,Obama,Democrat,No
25023,Plymouth County,MA,Northeast,"[  500, 1000)","[118,71672]","[215,71672]","[ 5.0,10.0)",507022,51.4,86.8,9.6,32.4,659.08,75092,"[ 0, 5)","[ 0, 4)",25023,133828,114722,264168,0.506601859,0.434276672,19106,0.512919647,0.475241444,9570,Clinton,Democrat,Obama,Democrat,No
25025,Suffolk County,MA,Northeast,"[ 5000,71672]","[118,71672]","[215,71672]","[15.0,25.0)",767254,51.6,63,24.5,29,58.15,53540,"[ 0, 5)","[ 0, 4)",25025,241212,50042,303517,0.794723195,0.164873796,191170,0.775548472,0.208286603,160336,Clinton,Democrat,Obama,Democrat,No
25027,Worcester County,MA,Northeast,"[  500, 1000)","[118,71672]","[215,71672]","[ 5.0,10.0)",813475,50.7,88,5.1,27.9,1510.77,65223,"[ 0, 5)","[ 0, 4)",25027,197126,157138,380972,0.517429102,0.412466008,39988,0.537409398,0.445001689,33645,Clinton,Democrat,Obama,Democrat,No
33001,Belknap County,NH,Northeast,"[  100,  500)","[118,71672]","[ 82,  215)","[ 0.0, 2.0)",60305,50.9,96.4,0.7,27.3,400.23,58654,"[ 5, 8)","[ 7, 8)",33001,13517,19315,34462,0.392229122,0.560472404,5798,0.470344378,0.520209647,1684,Trump,Republican,Romney,Republican,No
33003,Carroll County,NH,Northeast,"[   50,  100)","[ 45,  118)","[ 45,   82)","[ 0.0, 2.0)",47399,50.5,97.2,0.5,25,931.06,50866,"[ 8,11)","[10,12)",33003,12987,14635,29063,0.446856828,0.503561229,1648,0.491041315,0.499121698,230,Trump,Republican,Romney,Republican,No
33005,Cheshire County,NH,Northeast,"[  100,  500)","[ 45,  118)","[ 82,  215)","[ 0.0, 2.0)",76115,51.2,96.2,0.7,21.7,706.66,55155,"[ 5, 8)","[ 4, 7)",33005,22064,16876,41080,0.537098345,0.410808179,5188,0.616712522,0.368508193,10194,Clinton,Democrat,Obama,Democrat,No
33007,Coos County,NH,Northeast,"[   10,   50)","[ 17,   45)","[  9,   25)","[ 0.0, 2.0)",31653,49,96.9,0.7,21.6,1794.69,41985,"[11,54]","[12,54]",33007,6558,7951,15255,0.429891839,0.521206162,1393,0.582233893,0.406173946,2749,Trump,Republican,Obama,Democrat,Yes
33009,Grafton County,NH,Northeast,"[   50,  100)","[ 45,  118)","[ 45,   82)","[ 0.0, 2.0)",89658,50.5,93.3,1.1,21.8,1708.75,54912,"[ 5, 8)","[ 7, 8)",33009,28510,19010,50065,0.569459702,0.379706382,9500,0.611627192,0.373362042,11619,Clinton,Democrat,Obama,Democrat,No
33011,Hillsborough County,NH,Northeast,"[  100,  500)","[118,71672]","[215,71672]","[ 2.0, 5.0)",405184,50.4,91.6,2.6,26.7,876.14,69829,"[ 0, 5)","[ 4, 7)",33011,99589,100013,210622,0.472832847,0.474845933,424,0.500574557,0.483826104,3396,Trump,Republican,Obama,Democrat,Yes
33013,Merrimack County,NH,Northeast,"[  100,  500)","[118,71672]","[ 82,  215)","[ 0.0, 2.0)",147171,50.7,95.3,1.3,25.7,934.12,65353,"[ 5, 8)","[ 4, 7)",33013,40198,37674,81982,0.490327145,0.459539899,2524,0.557561146,0.430347016,10184,Clinton,Democrat,Obama,Democrat,No
33015,Rockingham County,NH,Northeast,"[  100,  500)","[118,71672]","[215,71672]","[ 0.0, 2.0)",300621,50.6,95.7,0.9,29.1,694.72,77348,"[ 0, 5)","[ 4, 7)",33015,79994,90447,179005,0.446881372,0.505276389,10453,0.47172456,0.517150194,7713,Trump,Republican,Romney,Republican,No
33017,Strafford County,NH,Northeast,"[  100,  500)","[118,71672]","[215,71672]","[ 0.0, 2.0)",125604,51.3,93.7,1.2,25.9,368.98,58825,"[ 5, 8)","[ 4, 7)",33017,34894,29072,67918,0.513766601,0.428045584,5822,0.565007371,0.419983689,9247,Clinton,Democrat,Obama,Democrat,No
33019,Sullivan County,NH,Northeast,"[   50,  100)","[ 45,  118)","[ 45,   82)","[ 0.0, 2.0)",43103,50.5,96.9,0.6,25,537.31,54463,"[ 8,11)","[10,12)",33019,10210,10796,22101,0.461970047,0.488484684,586,0.557715229,0.424910608,2897,Trump,Republican,Obama,Democrat,Yes
34001,Atlantic County,NJ,Northeast,"[  100,  500)","[118,71672]","[215,71672]","[15.0,25.0)",275209,51.4,71.4,17.3,23.9,555.7,54235,"[ 0, 5)","[ 0, 4)",34001,54472,47882,105738,0.515160113,0.452836256,6590,0.581114203,0.409335482,17591,Clinton,Democrat,Obama,Democrat,No
34003,Bergen County,NJ,Northeast,"[ 1000, 5000)","[118,71672]","[215,71672]","[ 5.0,10.0)",933572,51.6,75,6.7,30.8,233.01,83794,"[ 0, 5)","[ 0, 4)",34003,209251,163220,383965,0.544974151,0.425090829,46031,0.549594771,0.441070612,38203,Clinton,Democrat,Obama,Democrat,No
34005,Burlington County,NJ,Northeast,"[  500, 1000)","[118,71672]","[215,71672]","[15.0,25.0)",449722,50.8,74.7,17.5,28.5,798.58,78446,"[ 0, 5)","[ 0, 4)",34005,108361,79539,194988,0.555731635,0.40791741,28822,0.588407533,0.401453372,36841,Clinton,Democrat,Obama,Democrat,No
34007,Camden County,NJ,Northeast,"[ 1000, 5000)","[118,71672]","[215,71672]","[15.0,25.0)",511038,51.6,70.4,21,28,221.26,61683,"[ 0, 5)","[ 0, 4)",34007,142375,71020,220437,0.645876146,0.322178219,71355,0.678121663,0.311656931,74466,Clinton,Democrat,Obama,Democrat,No
34009,Cape May County,NJ,Northeast,"[  100,  500)","[118,71672]","[215,71672]","[ 5.0,10.0)",95344,51.2,91.8,5,21.8,251.43,56494,"[ 0, 5)","[ 4, 7)",34009,18626,28237,48375,0.385033592,0.583710594,9611,0.450331266,0.539508499,4213,Trump,Republican,Romney,Republican,No
34011,Cumberland County,NJ,Northeast,"[  100,  500)","[118,71672]","[215,71672]","[15.0,25.0)",157389,48.5,72.4,21.8,23.3,483.7,50750,"[ 0, 5)","[ 0, 4)",34011,27045,24213,53018,0.510109774,0.456693953,2832,0.609880336,0.379345893,11405,Clinton,Democrat,Obama,Democrat,No
34013,Essex County,NJ,Northeast,"[ 5000,71672]","[118,71672]","[215,71672]","[25.0,50.0)",795723,51.9,49.9,41.9,32.4,126.21,55095,"[ 0, 5)","[ 0, 4)",34013,231031,62059,299808,0.770596515,0.206995811,168972,0.773879481,0.218706615,156355,Clinton,Democrat,Obama,Democrat,No
34015,Gloucester County,NJ,Northeast,"[  500, 1000)","[118,71672]","[215,71672]","[10.0,15.0)",290951,51.5,84.3,10.6,28.2,322.01,74524,"[ 0, 5)","[ 0, 4)",34015,66355,66949,138388,0.479485215,0.483777495,594,0.54623862,0.441086188,14045,Trump,Republican,Obama,Democrat,Yes
34017,Hudson County,NJ,Northeast,"[ 5000,71672]","[118,71672]","[215,71672]","[15.0,25.0)",669115,50.2,66.1,15.1,34.2,46.19,58442,"[ 0, 5)","[ 0, 4)",34017,149980,45615,201425,0.744594762,0.226461462,104365,0.773628083,0.216247218,98157,Clinton,Democrat,Obama,Democrat,No
34019,Hunterdon County,NJ,Northeast,"[  100,  500)","[118,71672]","[215,71672]","[ 2.0, 5.0)",126067,50.5,92.2,2.7,33.6,427.82,106143,"[ 0, 5)","[ 0, 4)",34019,28797,38565,70582,0.407993539,0.546385764,9768,0.400311998,0.588640741,11831,Trump,Republican,Romney,Republican,No
34021,Mercer County,NJ,Northeast,"[ 1000, 5000)","[118,71672]","[215,71672]","[15.0,25.0)",371537,51,66,21.1,27.2,224.56,73480,"[ 0, 5)","[ 0, 4)",34021,93721,42604,141332,0.663126539,0.30144624,51117,0.678105045,0.310324743,51145,Clinton,Democrat,Obama,Democrat,No
34023,Middlesex County,NJ,Northeast,"[ 1000, 5000)","[118,71672]","[215,71672]","[10.0,15.0)",836297,50.8,62.8,11,32.4,308.91,79596,"[ 0, 5)","[ 0, 4)",34023,164887,108981,282668,0.583323899,0.385544172,55906,0.629364868,0.359258428,77043,Clinton,Democrat,Obama,Democrat,No
34025,Monmouth County,NJ,Northeast,"[ 1000, 5000)","[118,71672]","[215,71672]","[ 5.0,10.0)",629279,51.3,84.9,7.6,33.4,468.79,84526,"[ 0, 5)","[ 0, 4)",34025,135825,165305,311474,0.436071711,0.530718455,29480,0.466533801,0.521954466,14905,Trump,Republican,Romney,Republican,No
34027,Morris County,NJ,Northeast,"[ 1000, 5000)","[118,71672]","[215,71672]","[ 2.0, 5.0)",499727,51,84.6,3.5,30,460.18,98633,"[ 0, 5)","[ 0, 4)",34027,114437,125376,248848,0.459867067,0.503825628,10939,0.437181721,0.553127118,23952,Trump,Republican,Romney,Republican,No
34029,Ocean County,NJ,Northeast,"[  500, 1000)","[118,71672]","[215,71672]","[ 2.0, 5.0)",586301,51.9,93,3.5,30.7,628.78,61136,"[ 0, 5)","[ 0, 4)",34029,81845,170103,259592,0.315283214,0.655270578,88258,0.406432157,0.583720813,42094,Trump,Republican,Romney,Republican,No
34031,Passaic County,NJ,Northeast,"[ 1000, 5000)","[118,71672]","[215,71672]","[10.0,15.0)",508856,51.3,75.7,14.7,26.5,184.59,57654,"[ 0, 5)","[ 0, 4)",34031,112608,71488,189099,0.595497596,0.378045362,41120,0.632069684,0.359481015,44876,Clinton,Democrat,Obama,Democrat,No
34033,Salem County,NJ,Northeast,"[  100,  500)","[118,71672]","[ 82,  215)","[10.0,15.0)",64715,51.1,81.8,14.7,26.4,331.9,59718,"[ 0, 5)","[ 4, 7)",34033,11766,16256,29220,0.402669405,0.55633128,4490,0.496496772,0.48818519,242,Trump,Republican,Obama,Democrat,Yes
34035,Somerset County,NJ,Northeast,"[ 1000, 5000)","[118,71672]","[215,71672]","[ 5.0,10.0)",332568,51.2,72,9.8,31.7,301.81,99020,"[ 0, 5)","[ 0, 4)",34035,83839,64640,154249,0.543530266,0.419062684,19199,0.520024901,0.468080218,7009,Clinton,Democrat,Obama,Democrat,No
34037,Sussex County,NJ,Northeast,"[  100,  500)","[118,71672]","[215,71672]","[ 2.0, 5.0)",144909,50.3,94.3,2.1,37.7,519.01,87335,"[ 0, 5)","[ 4, 7)",34037,24132,46486,73860,0.326726239,0.629379908,22354,0.37932711,0.603121354,13809,Trump,Republican,Romney,Republican,No
34039,Union County,NJ,Northeast,"[ 5000,71672]","[118,71672]","[215,71672]","[15.0,25.0)",552939,51.3,68.7,23.4,29.4,102.86,68507,"[ 0, 5)","[ 0, 4)",34039,145412,67582,219385,0.66281651,0.308052055,77830,0.663296319,0.328421125,67763,Clinton,Democrat,Obama,Democrat,No
34041,Warren County,NJ,Northeast,"[  100,  500)","[118,71672]","[215,71672]","[ 2.0, 5.0)",106917,51.2,91.1,4.3,34.4,356.92,70912,"[ 0, 5)","[ 0, 4)",34041,16991,29393,48442,0.35074935,0.606766855,12402,0.412564647,0.570165312,6826,Trump,Republican,Romney,Republican,No
36001,Albany County,NY,Northeast,"[  500, 1000)","[118,71672]","[215,71672]","[10.0,15.0)",308171,51.7,78.2,13.5,20,522.8,59394,"[ 0, 5)","[ 0, 4)",36001,74775,44227,125644,0.59513387,0.352002483,30548,0.644390629,0.334809728,38862,Clinton,Democrat,Obama,Democrat,No
36003,Allegany County,NY,Northeast,"[   10,   50)","[ 45,  118)","[ 45,   82)","[ 0.0, 2.0)",47736,49.5,96.2,1.3,20.8,1029.31,42445,"[ 8,11)","[ 8,10)",36003,4473,11712,17111,0.261410788,0.684471977,7239,0.36266906,0.615922056,3951,Trump,Republican,Romney,Republican,No
36005,Bronx County,NY,Northeast,"[ 5000,71672]","[118,71672]","[215,71672]","[25.0,50.0)",1438159,52.8,45.8,43.3,42.4,42.1,34388,"[ 0, 5)","[ 0, 4)",36005,318403,34424,358857,0.88726986,0.09592679,283979,0.912452895,0.083228127,262074,Clinton,Democrat,Obama,Democrat,No
36007,Broome County,NY,Northeast,"[  100,  500)","[118,71672]","[215,71672]","[ 5.0,10.0)",197349,51,87.9,5.5,18.7,705.77,45958,"[ 0, 5)","[ 4, 7)",36007,35212,38077,77657,0.453429826,0.49032283,2865,0.509210037,0.463531976,3437,Trump,Republican,Obama,Democrat,Yes
36009,Cattaraugus County,NY,Northeast,"[   50,  100)","[ 45,  118)","[ 45,   82)","[ 0.0, 2.0)",78600,50.5,92.6,1.4,21.6,1308.35,42603,"[ 5, 8)","[ 7, 8)",36009,8717,18668,28961,0.300990988,0.644591002,9951,0.423609099,0.558026659,3711,Trump,Republican,Romney,Republican,No
36011,Cayuga County,NY,Northeast,"[  100,  500)","[ 45,  118)","[ 82,  215)","[ 2.0, 5.0)",78823,48.9,92.7,4.4,21.4,691.58,51581,"[ 0, 5)","[ 4, 7)",36011,12202,16194,30124,0.405059089,0.537578011,3992,0.543167261,0.435507997,2807,Trump,Republican,Obama,Democrat,Yes
36013,Chautauqua County,NY,Northeast,"[  100,  500)","[118,71672]","[ 82,  215)","[ 2.0, 5.0)",132053,50.5,94.1,2.7,18,1060.23,42429,"[ 0, 5)","[ 4, 7)",36013,17281,29418,49381,0.349952411,0.595735202,12137,0.450406739,0.532580419,3980,Trump,Republican,Romney,Republican,No
36015,Chemung County,NY,Northeast,"[  100,  500)","[118,71672]","[215,71672]","[ 5.0,10.0)",87770,50.2,88.8,6.8,19,407.35,48804,"[ 0, 5)","[ 4, 7)",36015,12394,19025,33195,0.373369483,0.573128483,6631,0.477940027,0.506769644,922,Trump,Republican,Romney,Republican,No
36017,Chenango County,NY,Northeast,"[   50,  100)","[ 45,  118)","[ 45,   82)","[ 0.0, 2.0)",49426,50.1,96.9,0.9,22.7,893.55,43941,"[ 0, 5)","[ 4, 7)",36017,5943,11024,18113,0.328106885,0.60862364,5081,0.472387426,0.505975644,593,Trump,Republican,Romney,Republican,No
36019,Clinton County,NY,Northeast,"[   50,  100)","[ 45,  118)","[ 45,   82)","[ 2.0, 5.0)",81632,48.8,92.7,4.2,20.2,1037.85,50282,"[ 5, 8)","[ 4, 7)",36019,13446,13181,28378,0.473817746,0.464479526,265,0.619904424,0.363985229,7069,Clinton,Democrat,Obama,Democrat,No
36021,Columbia County,NY,Northeast,"[   50,  100)","[ 45,  118)","[ 82,  215)","[ 5.0,10.0)",62122,49.8,90.7,5,25.7,634.71,57336,"[ 0, 5)","[ 4, 7)",36021,13123,12756,27255,0.481489635,0.468024216,367,0.547677638,0.430406029,3050,Clinton,Democrat,Obama,Democrat,No
36023,Cortland County,NY,Northeast,"[   50,  100)","[ 45,  118)","[ 82,  215)","[ 0.0, 2.0)",49024,51.1,95,1.8,20.9,498.76,47151,"[ 0, 5)","[ 4, 7)",36023,7976,9207,18424,0.432913591,0.499728615,1231,0.533676122,0.445587072,1559,Trump,Republican,Obama,Democrat,Yes
36025,Delaware County,NY,Northeast,"[   10,   50)","[ 17,   45)","[ 25,   45)","[ 2.0, 5.0)",46581,49.7,95.5,2,22.6,1442.44,44470,"[ 5, 8)","[ 7, 8)",36025,5825,11012,17778,0.327652154,0.619417257,5187,0.441534642,0.5370655,1616,Trump,Republican,Romney,Republican,No
36027,Dutchess County,NY,Northeast,"[  100,  500)","[118,71672]","[215,71672]","[10.0,15.0)",296579,50.3,82.5,10.9,31.2,795.63,72525,"[ 0, 5)","[ 0, 4)",36027,56874,58163,120199,0.473165334,0.483889217,1289,0.524653502,0.458376408,7565,Trump,Republican,Obama,Democrat,Yes
36029,Erie County,NY,Northeast,"[  500, 1000)","[118,71672]","[215,71672]","[10.0,15.0)",922835,51.6,80.7,13.9,20.9,1042.69,50653,"[ 0, 5)","[ 0, 4)",36029,192065,173817,383248,0.501150691,0.453536613,18248,0.569443834,0.412962125,60506,Clinton,Democrat,Obama,Democrat,No
36031,Essex County,NY,Northeast,"[   10,   50)","[ 17,   45)","[  9,   25)","[ 2.0, 5.0)",38679,48.1,94.6,3,21.6,1794.23,47380,"[ 8,11)","[ 8,10)",36031,6760,7275,15079,0.448305591,0.482459049,515,0.567182384,0.416960904,2340,Trump,Republican,Obama,Democrat,Yes
36033,Franklin County,NY,Northeast,"[   10,   50)","[ 17,   45)","[ 25,   45)","[ 5.0,10.0)",51262,44.8,83.9,6.7,19.5,1629.12,45667,"[ 5, 8)","[ 7, 8)",36033,6517,7636,15148,0.430221811,0.50409295,1119,0.623581207,0.361009837,3817,Trump,Republican,Obama,Democrat,Yes
36035,Fulton County,NY,Northeast,"[  100,  500)","[ 45,  118)","[ 82,  215)","[ 0.0, 2.0)",54105,50.5,95.7,1.9,23.3,495.47,44276,"[ 5, 8)","[ 4, 7)",36035,5805,12759,19563,0.29673363,0.652200583,6954,0.438802661,0.543847007,1895,Trump,Republican,Romney,Republican,No
36037,Genesee County,NY,Northeast,"[  100,  500)","[118,71672]","[ 82,  215)","[ 2.0, 5.0)",59162,50.3,93.2,3.1,21.7,492.94,49922,"[ 0, 5)","[ 4, 7)",36037,6946,15986,24463,0.28393901,0.653476679,9040,0.385025348,0.593656571,4815,Trump,Republican,Romney,Republican,No
36039,Greene County,NY,Northeast,"[   50,  100)","[ 45,  118)","[ 45,   82)","[ 5.0,10.0)",47967,47.8,90.8,6.3,26.3,647.16,49655,"[ 5, 8)","[ 4, 7)",36039,6370,11546,18869,0.337590757,0.611903122,5176,0.433170892,0.543996058,2024,Trump,Republican,Romney,Republican,No
36041,Hamilton County,NY,Northeast,"[    0,   10)","[  0,   17)","[  0,    9)","[ 0.0, 2.0)",4715,49.7,97,0.9,24.8,1717.37,51522,"[11,54]","[12,54]",36041,752,1795,2688,0.279761905,0.667782738,1043,0.359698682,0.622222222,697,Trump,Republican,Romney,Republican,No
36043,Herkimer County,NY,Northeast,"[   10,   50)","[ 17,   45)","[ 25,   45)","[ 0.0, 2.0)",63744,50.8,96.7,1.3,23,1411.47,45047,"[ 5, 8)","[ 7, 8)",36043,7289,15664,24261,0.300441037,0.645645274,8375,0.447960498,0.531945041,1956,Trump,Republican,Romney,Republican,No
36045,Jefferson County,NY,Northeast,"[   50,  100)","[ 45,  118)","[ 82,  215)","[ 5.0,10.0)",119103,47.8,88.2,6.4,18.2,1268.59,46484,"[ 0, 5)","[ 4, 7)",36045,12289,19947,34263,0.358666783,0.58217319,7658,0.478768213,0.50790927,934,Trump,Republican,Romney,Republican,No
36047,Kings County,NY,Northeast,"[ 5000,71672]","[118,71672]","[215,71672]","[25.0,50.0)",2621793,52.6,49.5,35.4,41.1,70.82,46085,"[ 0, 5)","[ 0, 4)",36047,595086,133653,746295,0.797387092,0.179088698,461433,0.814340612,0.175766745,394661,Clinton,Democrat,Obama,Democrat,No
36049,Lewis County,NY,Northeast,"[   10,   50)","[ 17,   45)","[  9,   25)","[ 0.0, 2.0)",27220,49.4,97.3,0.9,23.7,1274.68,46840,"[ 8,11)","[ 8,10)",36049,2828,6916,10312,0.2742436,0.670674942,4088,0.449636114,0.536124881,820,Trump,Republican,Romney,Republican,No
36051,Livingston County,NY,Northeast,"[  100,  500)","[ 45,  118)","[ 82,  215)","[ 2.0, 5.0)",64586,49.8,94,2.8,24.6,631.76,53518,"[ 5, 8)","[ 4, 7)",36051,10478,19211,31363,0.334087938,0.612537066,8733,0.442534341,0.536860928,2321,Trump,Republican,Romney,Republican,No
36053,Madison County,NY,Northeast,"[  100,  500)","[ 45,  118)","[ 82,  215)","[ 0.0, 2.0)",72369,50.9,95.1,1.9,23,654.84,53589,"[ 5, 8)","[ 4, 7)",36053,10548,14901,27392,0.385075935,0.543990946,4353,0.490933694,0.487570075,87,Trump,Republican,Obama,Democrat,Yes
36055,Monroe County,NY,Northeast,"[ 1000, 5000)","[118,71672]","[215,71672]","[15.0,25.0)",749857,51.7,77.7,16,19.6,657.21,52394,"[ 0, 5)","[ 0, 4)",36055,174063,128871,320164,0.543668245,0.402515586,45192,0.577781015,0.403881201,53722,Clinton,Democrat,Obama,Democrat,No
36057,Montgomery County,NY,Northeast,"[  100,  500)","[118,71672]","[ 82,  215)","[ 2.0, 5.0)",49779,50.9,94.1,2.6,23.3,403.04,44156,"[ 0, 5)","[ 4, 7)",36057,5961,10579,17438,0.341839661,0.606663608,4618,0.469554337,0.513703527,741,Trump,Republican,Romney,Republican,No
36059,Nassau County,NY,Northeast,"[ 1000, 5000)","[118,71672]","[215,71672]","[10.0,15.0)",1358627,51.5,76.7,12.4,34,284.72,97690,"[ 0, 5)","[ 0, 4)",36059,307326,275479,599649,0.512509818,0.459400416,31847,0.528724632,0.461959447,30767,Clinton,Democrat,Obama,Democrat,No
36061,New York County,NY,Northeast,"[ 5000,71672]","[118,71672]","[215,71672]","[15.0,25.0)",1636268,52.8,65,18.4,30.3,22.83,69659,"[ 0, 5)","[ 0, 4)",36061,515481,58935,591368,0.871675505,0.099658757,456546,0.841964323,0.145680072,345561,Clinton,Democrat,Obama,Democrat,No
36063,Niagara County,NY,Northeast,"[  100,  500)","[118,71672]","[215,71672]","[ 5.0,10.0)",213525,51.3,88.6,7,21.1,522.36,47955,"[ 0, 5)","[ 4, 7)",36063,32888,49223,86000,0.382418605,0.572360465,16335,0.493979691,0.488358317,465,Trump,Republican,Obama,Democrat,Yes
36065,Oneida County,NY,Northeast,"[  100,  500)","[118,71672]","[ 82,  215)","[ 5.0,10.0)",232871,50.1,87.5,6.7,19.5,1212.43,48729,"[ 0, 5)","[ 4, 7)",36065,30749,48490,83876,0.366600696,0.578115313,17741,0.464857203,0.517711273,4251,Trump,Republican,Romney,Republican,No
36067,Onondaga County,NY,Northeast,"[  500, 1000)","[118,71672]","[215,71672]","[10.0,15.0)",468196,51.7,81.4,11.5,19.6,778.39,54242,"[ 0, 5)","[ 0, 4)",36067,102915,78277,191962,0.536121732,0.407773413,24638,0.59677838,0.385656851,39857,Clinton,Democrat,Obama,Democrat,No
36069,Ontario County,NY,Northeast,"[  100,  500)","[118,71672]","[ 82,  215)","[ 2.0, 5.0)",109707,51,94.2,2.6,22.6,644.07,56479,"[ 0, 5)","[ 4, 7)",36069,20233,24343,47664,0.424492279,0.510720879,4110,0.482171983,0.498323668,713,Trump,Republican,Romney,Republican,No
36071,Orange County,NY,Northeast,"[  100,  500)","[118,71672]","[215,71672]","[10.0,15.0)",376099,50,82.2,11.6,33.3,811.69,70458,"[ 0, 5)","[ 0, 4)",36071,63037,72129,140753,0.447855463,0.512450889,9092,0.518866768,0.467331831,6725,Trump,Republican,Obama,Democrat,Yes
36073,Orleans County,NY,Northeast,"[  100,  500)","[ 45,  118)","[ 82,  215)","[ 5.0,10.0)",41984,50.5,90.4,6.4,24.9,391.26,48502,"[ 5, 8)","[ 4, 7)",36073,4327,11582,16722,0.258760914,0.6926205,7255,0.393355627,0.58708927,2665,Trump,Republican,Romney,Republican,No
36075,Oswego County,NY,Northeast,"[  100,  500)","[118,71672]","[ 82,  215)","[ 0.0, 2.0)",120913,50.1,96.5,1,23.9,951.65,48051,"[ 0, 5)","[ 4, 7)",36075,15614,25870,44122,0.353882417,0.586328816,10256,0.528359225,0.449833467,3230,Trump,Republican,Obama,Democrat,Yes
36077,Otsego County,NY,Northeast,"[   50,  100)","[ 45,  118)","[ 45,   82)","[ 2.0, 5.0)",61128,51.4,94.6,2.1,21.7,1001.7,47765,"[ 5, 8)","[ 4, 7)",36077,9285,12284,23024,0.403274844,0.533530229,2999,0.500273498,0.479852311,448,Trump,Republican,Obama,Democrat,Yes
36079,Putnam County,NY,Northeast,"[  100,  500)","[118,71672]","[215,71672]","[ 2.0, 5.0)",99487,50.2,92.7,3,38.6,230.31,95117,"[ 0, 5)","[ 0, 4)",36079,17363,25241,44186,0.392952519,0.571244286,7878,0.436636255,0.548785559,4585,Trump,Republican,Romney,Republican,No
36081,Queens County,NY,Northeast,"[ 5000,71672]","[118,71672]","[215,71672]","[15.0,25.0)",2321580,51.4,49.7,20.9,41.9,108.53,57001,"[ 0, 5)","[ 0, 4)",36081,473389,138550,627021,0.754981093,0.220965486,334839,0.787773624,0.203247053,296777,Clinton,Democrat,Obama,Democrat,No
36083,Rensselaer County,NY,Northeast,"[  100,  500)","[118,71672]","[215,71672]","[ 5.0,10.0)",159774,50.5,87.9,7.2,22.7,652.43,59432,"[ 0, 5)","[ 0, 4)",36083,30039,31933,65991,0.455198436,0.48389932,1894,0.548111539,0.430114318,7473,Trump,Republican,Obama,Democrat,Yes
36085,Richmond County,NY,Northeast,"[ 5000,71672]","[118,71672]","[215,71672]","[10.0,15.0)",473279,51.6,77.6,11.8,41.7,58.37,72569,"[ 0, 5)","[ 0, 4)",36085,67561,95612,167209,0.404051217,0.571811326,28051,0.49913145,0.49097078,1104,Trump,Republican,Obama,Democrat,Yes
36087,Rockland County,NY,Northeast,"[ 1000, 5000)","[118,71672]","[215,71672]","[10.0,15.0)",323866,50.9,78,12.9,30.2,173.55,84951,"[ 0, 5)","[ 0, 4)",36087,63454,57148,123943,0.511961143,0.461082917,6306,0.527912664,0.462323144,7510,Clinton,Democrat,Obama,Democrat,No
36089,St. Lawrence County,NY,Northeast,"[   10,   50)","[ 17,   45)","[ 25,   45)","[ 2.0, 5.0)",111400,49.1,94,2.5,20.2,2680.38,43647,"[ 0, 5)","[ 4, 7)",36089,14659,18450,35154,0.416993799,0.524833589,3791,0.575316698,0.408958646,5660,Trump,Republican,Obama,Democrat,Yes
36091,Saratoga County,NY,Northeast,"[  100,  500)","[118,71672]","[215,71672]","[ 0.0, 2.0)",224921,50.6,94.1,1.7,24.5,809.98,69826,"[ 0, 5)","[ 4, 7)",36091,46546,51088,104089,0.447175014,0.490810748,4542,0.501282025,0.480287584,2047,Trump,Republican,Obama,Democrat,Yes
36093,Schenectady County,NY,Northeast,"[  500, 1000)","[118,71672]","[215,71672]","[10.0,15.0)",155735,51.4,80.4,11.1,22.6,204.52,56061,"[ 0, 5)","[ 0, 4)",36093,30870,27268,61629,0.50090055,0.442454039,3602,0.566595095,0.412788942,9169,Clinton,Democrat,Obama,Democrat,No
36095,Schoharie County,NY,Northeast,"[   50,  100)","[ 45,  118)","[ 45,   82)","[ 0.0, 2.0)",31566,50.3,96.3,1.4,29.3,621.82,53245,"[ 5, 8)","[ 4, 7)",36095,3777,8173,12673,0.298035193,0.644914385,4396,0.407100394,0.573474002,1987,Trump,Republican,Romney,Republican,No
36097,Schuyler County,NY,Northeast,"[   50,  100)","[ 45,  118)","[ 45,   82)","[ 0.0, 2.0)",18479,49.6,96.7,1.2,25.5,328.33,46976,"[ 5, 8)","[ 7, 8)",36097,2761,5179,8423,0.327792948,0.614864063,2418,0.449356913,0.528135048,588,Trump,Republican,Romney,Republican,No
36099,Seneca County,NY,Northeast,"[  100,  500)","[ 45,  118)","[ 82,  215)","[ 5.0,10.0)",34884,47.7,92.1,5.2,23.3,323.71,47618,"[ 0, 5)","[ 4, 7)",36099,5175,6719,12727,0.406615856,0.527932741,1544,0.537207771,0.444929206,1121,Trump,Republican,Obama,Democrat,Yes
36101,Steuben County,NY,Northeast,"[   50,  100)","[ 45,  118)","[ 45,   82)","[ 0.0, 2.0)",98394,50.4,95.2,1.6,21.8,1390.56,47476,"[ 5, 8)","[ 4, 7)",36101,11215,25091,38373,0.292262789,0.653871212,13876,0.409041196,0.572786674,5839,Trump,Republican,Romney,Republican,No
36103,Suffolk County,NY,Northeast,"[ 1000, 5000)","[118,71672]","[215,71672]","[ 5.0,10.0)",1502968,50.8,85.6,8.2,30.7,912.05,87763,"[ 0, 5)","[ 0, 4)",36103,276953,328403,625720,0.442614908,0.524840184,51450,0.508329742,0.479694,15482,Trump,Republican,Obama,Democrat,Yes
36105,Sullivan County,NY,Northeast,"[   50,  100)","[ 45,  118)","[ 45,   82)","[ 5.0,10.0)",75943,48.7,85.3,9.8,28.4,968.13,48089,"[ 5, 8)","[ 7, 8)",36105,10983,14626,26509,0.41431212,0.551737146,3643,0.544230314,0.440249585,2633,Trump,Republican,Obama,Democrat,Yes
36107,Tioga County,NY,Northeast,"[   50,  100)","[ 45,  118)","[ 82,  215)","[ 0.0, 2.0)",49870,50.4,97,0.9,23.5,518.6,55726,"[ 5, 8)","[ 4, 7)",36107,6852,12528,20556,0.333333333,0.609457093,5676,0.41362567,0.564549232,3015,Trump,Republican,Romney,Republican,No
36109,Tompkins County,NY,Northeast,"[  100,  500)","[118,71672]","[215,71672]","[ 2.0, 5.0)",104691,50.7,82.2,4.4,19,474.65,51393,"[ 0, 5)","[ 0, 4)",36109,25555,9647,37747,0.677007444,0.255569979,15908,0.682400558,0.284773203,14245,Clinton,Democrat,Obama,Democrat,No
36111,Ulster County,NY,Northeast,"[  100,  500)","[118,71672]","[ 82,  215)","[ 5.0,10.0)",180445,50.3,88.3,6.8,27.3,1124.24,58590,"[ 0, 5)","[ 4, 7)",36111,40010,32962,77134,0.518707703,0.427334249,7048,0.597897303,0.378707077,15824,Clinton,Democrat,Obama,Democrat,No
36113,Warren County,NY,Northeast,"[   50,  100)","[ 45,  118)","[ 45,   82)","[ 0.0, 2.0)",64973,51.1,96.3,1.1,22.3,866.95,55904,"[ 5, 8)","[ 4, 7)",36113,11366,14284,27568,0.412289611,0.51813697,2918,0.500076278,0.479443173,541,Trump,Republican,Obama,Democrat,Yes
36115,Washington County,NY,Northeast,"[   50,  100)","[ 45,  118)","[ 45,   82)","[ 2.0, 5.0)",62372,48.4,94.8,3.3,26.2,831.18,52361,"[ 5, 8)","[ 7, 8)",36115,8238,12770,22401,0.36775144,0.570063836,4532,0.498330433,0.482246155,342,Trump,Republican,Obama,Democrat,Yes
36117,Wayne County,NY,Northeast,"[  100,  500)","[118,71672]","[ 82,  215)","[ 2.0, 5.0)",92051,50.4,93.9,3.2,24,603.83,52601,"[ 0, 5)","[ 4, 7)",36117,12378,21935,36598,0.338215203,0.599349691,9557,0.443519794,0.536671843,3179,Trump,Republican,Romney,Republican,No
36119,Westchester County,NY,Northeast,"[ 1000, 5000)","[118,71672]","[215,71672]","[15.0,25.0)",972634,51.7,74.9,15.9,32.1,430.5,81946,"[ 0, 5)","[ 0, 4)",36119,245670,121643,378506,0.649051798,0.32137667599999997,124027,0.603755826,0.381788425,63201,Clinton,Democrat,Obama,Democrat,No
36121,Wyoming County,NY,Northeast,"[   50,  100)","[ 45,  118)","[ 45,   82)","[ 5.0,10.0)",41188,45.5,92,6.2,25.3,592.75,51100,"[ 8,11)","[ 8,10)",36121,3585,11884,16280,0.220208845,0.72997543,8299,0.34300722300000003,0.638608011,4502,Trump,Republican,Romney,Republican,No
36123,Yates County,NY,Northeast,"[   50,  100)","[ 45,  118)","[ 45,   82)","[ 0.0, 2.0)",25208,51.3,97.4,0.9,22.2,338.14,49335,"[ 5, 8)","[ 7, 8)",36123,3219,5180,8975,0.358662953,0.577158774,1961,0.476591205,0.506104065,249,Trump,Republican,Romney,Republican,No
42001,Adams County,PA,Northeast,"[  100,  500)","[118,71672]","[ 82,  215)","[ 0.0, 2.0)",101714,50.8,95.7,1.9,27.7,518.67,59492,"[ 5, 8)","[ 7, 8)",42001,14077,31249,47138,0.298633799,0.662925877,17172,0.354823339,0.631120006,11597,Trump,Republican,Romney,Republican,No
42003,Allegheny County,PA,Northeast,"[ 1000, 5000)","[118,71672]","[215,71672]","[10.0,15.0)",1231255,51.9,81.3,13.3,26,730.08,51366,"[ 0, 5)","[ 4, 7)",42003,363017,257488,643173,0.564415795,0.400340188,105529,0.566402189,0.421858197,88847,Clinton,Democrat,Obama,Democrat,No
42005,Armstrong County,PA,Northeast,"[  100,  500)","[ 45,  118)","[ 82,  215)","[ 0.0, 2.0)",67785,50.5,97.9,0.9,27.9,653.2,45241,"[ 8,11)","[ 8,10)",42005,6849,22676,30446,0.224955659,0.744794062,15827,0.306969847,0.679012782,10537,Trump,Republican,Romney,Republican,No
42007,Beaver County,PA,Northeast,"[  100,  500)","[118,71672]","[215,71672]","[ 5.0,10.0)",169392,51.5,91.2,6.3,25.1,434.71,49217,"[ 5, 8)","[ 7, 8)",42007,30225,46081,79036,0.382420669,0.583038109,15856,0.460326189,0.526376304,5285,Trump,Republican,Romney,Republican,No
42009,Bedford County,PA,Northeast,"[   10,   50)","[ 45,  118)","[ 45,   82)","[ 0.0, 2.0)",48946,50.2,98,0.6,28,1012.3,43290,"[11,54]","[10,12)",42009,3613,19455,23504,0.153718516,0.82773145,15842,0.22057452,0.769865697,11779,Trump,Republican,Romney,Republican,No
42011,Berks County,PA,Northeast,"[  100,  500)","[118,71672]","[215,71672]","[ 5.0,10.0)",413691,50.8,89,6.5,24.5,856.51,55170,"[ 5, 8)","[ 7, 8)",42011,75169,93094,175934,0.427256812,0.52914161,17925,0.489393763,0.495286457,962,Trump,Republican,Romney,Republican,No
42013,Blair County,PA,Northeast,"[  100,  500)","[118,71672]","[215,71672]","[ 0.0, 2.0)",125955,51.3,96.1,1.8,19,525.8,42992,"[ 5, 8)","[ 7, 8)",42013,13093,37224,52029,0.251648119,0.715447154,24131,0.325754236,0.661334005,15984,Trump,Republican,Romney,Republican,No
42015,Bradford County,PA,Northeast,"[   50,  100)","[ 45,  118)","[ 45,   82)","[ 0.0, 2.0)",61784,50.5,97.4,0.6,22.5,1147.4,46963,"[ 8,11)","[ 8,10)",42015,6263,17957,25399,0.246584511,0.706996338,11694,0.368472512,0.614506022,5536,Trump,Republican,Romney,Republican,No
42017,Bucks County,PA,Northeast,"[ 1000, 5000)","[118,71672]","[215,71672]","[ 2.0, 5.0)",626685,51,89.8,4,28.3,604.31,76555,"[ 0, 5)","[ 4, 7)",42017,165861,163873,342572,0.484163913,0.478360753,1988,0.4996697,0.488016856,3722,Clinton,Democrat,Obama,Democrat,No
42019,Butler County,PA,Northeast,"[  100,  500)","[118,71672]","[215,71672]","[ 0.0, 2.0)",185943,50.7,96.5,1.2,26.4,788.6,58230,"[ 5, 8)","[ 7, 8)",42019,26834,61388,92027,0.291588338,0.6670651,34554,0.319205164,0.668166074,31031,Trump,Republican,Romney,Republican,No
42021,Cambria County,PA,Northeast,"[  100,  500)","[118,71672]","[ 82,  215)","[ 2.0, 5.0)",137732,50.4,94,3.9,22.7,688.35,41730,"[ 8,11)","[ 8,10)",42021,17798,40510,60167,0.295809996,0.673292669,22712,0.401625143,0.579784469,10283,Trump,Republican,Romney,Republican,No
42023,Cameron County,PA,Northeast,"[   10,   50)","[  0,   17)","[  9,   25)","[ 0.0, 2.0)",4805,50.4,97.8,0.4,15.2,396.23,41410,"[11,54]","[12,54]",42023,469,1495,2024,0.231719368,0.738636364,1026,0.344178953,0.642602949,587,Trump,Republican,Romney,Republican,No
42025,Carbon County,PA,Northeast,"[  100,  500)","[118,71672]","[ 82,  215)","[ 0.0, 2.0)",64441,50.5,96.1,1.9,30.5,381.46,48900,"[ 8,11)","[10,12)",42025,8917,18714,28721,0.310469691,0.651578984,9797,0.455595906,0.524513041,1670,Trump,Republican,Romney,Republican,No
42027,Centre County,PA,Northeast,"[  100,  500)","[118,71672]","[ 82,  215)","[ 2.0, 5.0)",158742,47.9,89.5,3.4,19.9,1109.92,50336,"[ 0, 5)","[ 4, 7)",42027,36555,35099,75394,0.484852906,0.465541024,1456,0.489484164,0.489774858,20,Clinton,Democrat,Romney,Republican,Yes
42029,Chester County,PA,Northeast,"[  500, 1000)","[118,71672]","[215,71672]","[ 5.0,10.0)",512784,50.8,87.1,6.4,27.4,750.51,86050,"[ 0, 5)","[ 4, 7)",42029,140188,115582,266637,0.525763491,0.433480725,24606,0.492285386,0.496506172,1048,Clinton,Democrat,Romney,Republican,Yes
42031,Clarion County,PA,Northeast,"[   50,  100)","[ 45,  118)","[ 45,   82)","[ 0.0, 2.0)",38821,51.2,97.3,1,22.8,600.83,42389,"[11,54]","[10,12)",42031,4256,12545,17481,0.243464333,0.717636291,8289,0.310698102,0.671701583,5497,Trump,Republican,Romney,Republican,No
42033,Clearfield County,PA,Northeast,"[   50,  100)","[ 45,  118)","[ 45,   82)","[ 2.0, 5.0)",81191,48.1,95.6,2.8,25.1,1144.72,41030,"[11,54]","[10,12)",42033,7700,23909,32692,0.235531629,0.731341001,16209,0.347808365,0.636577413,9210,Trump,Republican,Romney,Republican,No
42035,Clinton County,PA,Northeast,"[   10,   50)","[ 17,   45)","[ 25,   45)","[ 0.0, 2.0)",39745,51.1,96.5,1.8,23.3,887.98,42184,"[ 5, 8)","[ 7, 8)",42035,4533,9701,14839,0.305478806,0.653750253,5168,0.434573166,0.548132354,1438,Trump,Republican,Romney,Republican,No
42037,Columbia County,PA,Northeast,"[  100,  500)","[118,71672]","[ 82,  215)","[ 2.0, 5.0)",67122,51.8,95.7,2,21.1,483.11,44807,"[ 5, 8)","[ 7, 8)",42037,8502,17387,27127,0.313414679,0.640948133,8885,0.428882946,0.553178358,3021,Trump,Republican,Romney,Republican,No
42039,Crawford County,PA,Northeast,"[   50,  100)","[ 45,  118)","[ 82,  215)","[ 0.0, 2.0)",87175,51,96.2,1.9,22.4,1012.3,42504,"[ 8,11)","[ 8,10)",42039,10215,23912,35563,0.287236735,0.67238422,13697,0.393605126,0.589229049,6473,Trump,Republican,Romney,Republican,No
42041,Cumberland County,PA,Northeast,"[  100,  500)","[118,71672]","[215,71672]","[ 2.0, 5.0)",243762,50.7,90.6,3.7,21.2,545.46,60826,"[ 5, 8)","[ 4, 7)",42041,44282,65649,115068,0.384833316,0.570523517,21367,0.399976356,0.585327926,20382,Trump,Republican,Romney,Republican,No
42043,Dauphin County,PA,Northeast,"[  500, 1000)","[118,71672]","[215,71672]","[15.0,25.0)",271453,51.6,74.5,18.6,21.3,525.05,54066,"[ 5, 8)","[ 4, 7)",42043,64287,60620,130160,0.493907498,0.465734481,3667,0.523620795,0.463510703,7371,Clinton,Democrat,Obama,Democrat,No
42045,Delaware County,PA,Northeast,"[ 1000, 5000)","[118,71672]","[215,71672]","[15.0,25.0)",562960,52,71.7,20.9,27.7,183.84,64041,"[ 0, 5)","[ 4, 7)",42045,169169,106559,284832,0.593925542,0.374111757,62610,0.604006553,0.385812141,59535,Clinton,Democrat,Obama,Democrat,No
42047,Elk County,PA,Northeast,"[   10,   50)","[ 17,   45)","[ 25,   45)","[ 0.0, 2.0)",31194,49.9,98.4,0.4,16.8,827.36,45767,"[11,54]","[12,54]",42047,3637,9704,13854,0.262523459,0.700447524,6067,0.414004024,0.571348089,1955,Trump,Republican,Romney,Republican,No
42049,Erie County,PA,Northeast,"[  100,  500)","[118,71672]","[215,71672]","[ 5.0,10.0)",278443,50.7,88.8,7.5,18.6,799.15,45202,"[ 5, 8)","[ 4, 7)",42049,54820,57168,117240,0.467587854,0.487615148,2348,0.577795125,0.408952205,19034,Trump,Republican,Obama,Democrat,Yes
42051,Fayette County,PA,Northeast,"[  100,  500)","[118,71672]","[ 82,  215)","[ 2.0, 5.0)",134086,50.8,93.3,4.7,25.2,790.34,39115,"[ 8,11)","[ 8,10)",42051,17826,34388,53426,0.33365777,0.643656647,16562,0.453170388,0.536247821,4004,Trump,Republican,Romney,Republican,No
42053,Forest County,PA,Northeast,"[   10,   50)","[ 17,   45)","[  9,   25)","[15.0,25.0)",7518,33.1,79.6,18.9,26.7,427.19,36556,"[ 8,11)","[10,12)",42053,626,1680,2398,0.261050876,0.70058382,1054,0.387348354,0.598353553,487,Trump,Republican,Romney,Republican,No
42055,Franklin County,PA,Northeast,"[  100,  500)","[118,71672]","[ 82,  215)","[ 2.0, 5.0)",152892,51.1,93.1,3.7,23.2,772.22,52637,"[ 5, 8)","[ 4, 7)",42055,17322,49554,69345,0.249794506,0.714600909,32232,0.30110506,0.685838031,24162,Trump,Republican,Romney,Republican,No
42057,Fulton County,PA,Northeast,"[   10,   50)","[ 17,   45)","[ 25,   45)","[ 0.0, 2.0)",14632,49.7,97.3,1.2,33,437.55,48461,"[11,54]","[12,54]",42057,904,5676,6743,0.134064956,0.841761827,4772,0.210962915,0.777488614,3483,Trump,Republican,Romney,Republican,No
42059,Greene County,PA,Northeast,"[   50,  100)","[ 45,  118)","[ 45,   82)","[ 2.0, 5.0)",37843,48.2,95,3.4,26.9,575.95,44388,"[ 8,11)","[ 8,10)",42059,4157,10394,14955,0.277967235,0.695018388,6237,0.405362087,0.581742678,2421,Trump,Republican,Romney,Republican,No
42061,Huntingdon County,PA,Northeast,"[   50,  100)","[ 45,  118)","[ 45,   82)","[ 5.0,10.0)",45750,46.8,92.7,5.5,28.1,874.64,44183,"[ 8,11)","[ 8,10)",42061,4487,14369,19496,0.230149774,0.737022979,9882,0.306078353,0.679649741,6570,Trump,Republican,Romney,Republican,No
42063,Indiana County,PA,Northeast,"[  100,  500)","[ 45,  118)","[ 82,  215)","[ 2.0, 5.0)",87706,50.2,95.1,2.7,22.8,827.03,43997,"[ 5, 8)","[ 7, 8)",42063,11468,24920,37728,0.303965225,0.660517388,13452,0.398092869,0.585599779,6784,Trump,Republican,Romney,Republican,No
42065,Jefferson County,PA,Northeast,"[   50,  100)","[ 45,  118)","[ 45,   82)","[ 0.0, 2.0)",44638,50.3,98.2,0.5,21.9,652.43,41262,"[11,54]","[12,54]",42065,3437,14533,18551,0.185273031,0.783407903,11096,0.265639644,0.71977507,7753,Trump,Republican,Romney,Republican,No
42067,Juniata County,PA,Northeast,"[   50,  100)","[ 45,  118)","[ 45,   82)","[ 0.0, 2.0)",24796,50.1,97.7,0.7,29.3,391.35,46163,"[ 5, 8)","[ 7, 8)",42067,1810,8234,10402,0.174004999,0.791578543,6424,0.267194093,0.719514768,4288,Trump,Republican,Romney,Republican,No
42069,Lackawanna County,PA,Northeast,"[  100,  500)","[118,71672]","[215,71672]","[ 2.0, 5.0)",212719,51.7,93,3.1,20,459.08,46044,"[ 5, 8)","[ 7, 8)",42069,51593,48102,102740,0.502170528,0.468191551,3491,0.631296594,0.357613576,26579,Clinton,Democrat,Obama,Democrat,No
42071,Lancaster County,PA,Northeast,"[  500, 1000)","[118,71672]","[215,71672]","[ 2.0, 5.0)",533320,51.1,91,4.7,22.5,943.81,56483,"[ 0, 5)","[ 4, 7)",42071,90066,137145,239151,0.376607248,0.573466136,47079,0.396527629,0.588882769,42256,Trump,Republican,Romney,Republican,No
42073,Lawrence County,PA,Northeast,"[  100,  500)","[118,71672]","[215,71672]","[ 2.0, 5.0)",88771,51.7,93.7,4.1,22.4,358.18,43546,"[ 5, 8)","[ 7, 8)",42073,13933,25323,40555,0.343558131,0.624411293,11390,0.448964345,0.538824196,3488,Trump,Republican,Romney,Republican,No
42075,Lebanon County,PA,Northeast,"[  100,  500)","[118,71672]","[215,71672]","[ 2.0, 5.0)",136359,51.1,93.9,3.1,22.9,361.83,54818,"[ 5, 8)","[ 4, 7)",42075,17860,38804,58906,0.303194921,0.65874444,20944,0.352885384,0.632497071,15035,Trump,Republican,Romney,Republican,No
42077,Lehigh County,PA,Northeast,"[ 1000, 5000)","[118,71672]","[215,71672]","[ 5.0,10.0)",357823,51.3,85.1,8.2,24.2,345.17,54923,"[ 5, 8)","[ 4, 7)",42077,77087,70285,153031,0.503734537,0.459286027,6802,0.531520404,0.456045321,10938,Clinton,Democrat,Obama,Democrat,No
42079,Luzerne County,PA,Northeast,"[  100,  500)","[118,71672]","[215,71672]","[ 2.0, 5.0)",318829,50.8,92.3,4.6,22.2,890.33,44402,"[ 8,11)","[ 8,10)",42079,51454,77508,132731,0.387656237,0.583947985,26054,0.516999216,0.468470434,6005,Trump,Republican,Obama,Democrat,Yes
42081,Lycoming County,PA,Northeast,"[   50,  100)","[ 45,  118)","[ 82,  215)","[ 2.0, 5.0)",116508,50.8,92.6,4.7,19.8,1228.59,45430,"[ 5, 8)","[ 7, 8)",42081,12926,35475,50294,0.257008788,0.705352527,22549,0.326827368,0.659756784,15386,Trump,Republican,Romney,Republican,No
42083,McKean County,PA,Northeast,"[   10,   50)","[ 17,   45)","[ 25,   45)","[ 2.0, 5.0)",42554,48.8,95.5,2.7,20,979.2,41834,"[ 8,11)","[ 8,10)",42083,3802,11159,15572,0.244156178,0.71660673,7357,0.350339683,0.632343146,4234,Trump,Republican,Romney,Republican,No
42085,Mercer County,PA,Northeast,"[  100,  500)","[118,71672]","[ 82,  215)","[ 5.0,10.0)",114884,50.9,91.8,5.8,21,672.58,44301,"[ 5, 8)","[ 7, 8)",42085,17631,30034,49594,0.355506715,0.605597451,12403,0.480224696,0.505648601,1222,Trump,Republican,Romney,Republican,No
42087,Mifflin County,PA,Northeast,"[  100,  500)","[ 45,  118)","[ 82,  215)","[ 0.0, 2.0)",46552,50.9,97.7,0.7,23,411.03,40384,"[ 8,11)","[ 8,10)",42087,3563,14050,18239,0.195350622,0.770327321,10487,0.261112133,0.729139844,7634,Trump,Republican,Romney,Republican,No
42089,Monroe County,PA,Northeast,"[  100,  500)","[118,71672]","[215,71672]","[10.0,15.0)",166314,50.6,79.8,14.8,38.9,608.29,57408,"[ 5, 8)","[ 7, 8)",42089,31930,31706,65944,0.484198714,0.480801893,224,0.56364648,0.423185865,8331,Clinton,Democrat,Obama,Democrat,No
42091,Montgomery County,PA,Northeast,"[ 1000, 5000)","[118,71672]","[215,71672]","[ 5.0,10.0)",816857,51.4,81.5,9.3,27.5,483.04,79183,"[ 0, 5)","[ 4, 7)",42091,251063,160803,427489,0.587296983,0.376157047,90260,0.566372232,0.422868336,57658,Clinton,Democrat,Obama,Democrat,No
42093,Montour County,PA,Northeast,"[  100,  500)","[118,71672]","[ 82,  215)","[ 0.0, 2.0)",18641,52.1,94.6,1.7,18.7,130.24,51482,"[ 5, 8)","[ 7, 8)",42093,2851,5274,8535,0.334036321,0.617926186,2423,0.388596379,0.595351226,1610,Trump,Republican,Romney,Republican,No
42095,Northampton County,PA,Northeast,"[  500, 1000)","[118,71672]","[215,71672]","[ 5.0,10.0)",300654,51,88.7,6.1,27.3,369.67,60097,"[ 5, 8)","[ 4, 7)",42095,65936,71384,142775,0.461817545,0.499975486,5448,0.5164637,0.4706116,5772,Trump,Republican,Obama,Democrat,Yes
42097,Northumberland County,PA,Northeast,"[  100,  500)","[118,71672]","[ 82,  215)","[ 2.0, 5.0)",93944,49.9,95.7,2.5,23.5,458.37,41208,"[ 5, 8)","[ 7, 8)",42097,9184,24418,34971,0.262617597,0.698235681,15234,0.393247017,0.587585682,6124,Trump,Republican,Romney,Republican,No
42099,Perry County,PA,Northeast,"[   50,  100)","[ 45,  118)","[ 82,  215)","[ 0.0, 2.0)",45634,49.7,97.4,0.8,31.6,551.45,57375,"[ 8,11)","[ 8,10)",42099,4630,15613,21153,0.218881483,0.738098615,10983,0.297697368,0.685910088,7081,Trump,Republican,Romney,Republican,No
42101,Philadelphia County,PA,Northeast,"[ 5000,71672]","[118,71672]","[215,71672]","[25.0,50.0)",1560297,52.7,45.5,44.2,31.8,134.1,37192,"[ 0, 5)","[ 4, 7)",42101,560542,105418,680227,0.824051383,0.154974736,455124,0.85224251,0.140514506,465184,Clinton,Democrat,Obama,Democrat,No
42103,Pike County,PA,Northeast,"[  100,  500)","[ 45,  118)","[ 82,  215)","[ 5.0,10.0)",56191,49.9,90.4,6.2,41.5,544.96,59340,"[ 5, 8)","[ 7, 8)",42103,9247,16035,26066,0.354753318,0.615169186,6788,0.439043343,0.548825764,2543,Trump,Republican,Romney,Republican,No
42105,Potter County,PA,Northeast,"[   10,   50)","[  0,   17)","[  9,   25)","[ 0.0, 2.0)",17206,49.9,98.1,0.5,21.9,1081.32,41547,"[11,54]","[10,12)",42105,1300,6247,7777,0.167159573,0.803266041,4947,0.26259542,0.721582235,3307,Trump,Republican,Romney,Republican,No
42107,Schuylkill County,PA,Northeast,"[  100,  500)","[118,71672]","[ 82,  215)","[ 2.0, 5.0)",145797,49,95,3.1,25.6,778.63,45012,"[ 8,11)","[10,12)",42107,16724,43937,62750,0.266517928,0.700191235,27213,0.425232588,0.559186158,7703,Trump,Republican,Romney,Republican,No
42109,Snyder County,PA,Northeast,"[  100,  500)","[118,71672]","[ 82,  215)","[ 0.0, 2.0)",40323,50.6,97.1,1.2,23.1,328.71,46513,"[ 5, 8)","[ 4, 7)",42109,3991,11710,16333,0.244351926,0.716953407,7719,0.31225772,0.671701644,5378,Trump,Republican,Romney,Republican,No
42111,Somerset County,PA,Northeast,"[   50,  100)","[ 45,  118)","[ 45,   82)","[ 2.0, 5.0)",76218,48.3,96.1,2.7,23.2,1074.37,43597,"[ 8,11)","[ 8,10)",42111,7367,27347,35730,0.206185278,0.765379233,19980,0.278081181,0.706568266,14515,Trump,Republican,Romney,Republican,No
42113,Sullivan County,PA,Northeast,"[   10,   50)","[  0,   17)","[  9,   25)","[ 2.0, 5.0)",6339,48.1,95.5,2.9,26.5,449.94,40964,"[11,54]","[12,54]",42113,756,2318,3168,0.238636364,0.731691919,1562,0.350374915,0.633605999,831,Trump,Republican,Romney,Republican,No
42115,Susquehanna County,PA,Northeast,"[   50,  100)","[ 45,  118)","[ 45,   82)","[ 0.0, 2.0)",41920,49.7,98.1,0.5,27,823.44,48231,"[ 8,11)","[ 8,10)",42115,5065,13295,19200,0.263802083,0.692447917,8230,0.384327942,0.598717234,3844,Trump,Republican,Romney,Republican,No
42117,Tioga County,PA,Northeast,"[   10,   50)","[ 17,   45)","[ 25,   45)","[ 0.0, 2.0)",42274,50.6,97.3,0.9,23.5,1133.79,44187,"[ 8,11)","[ 8,10)",42117,3642,12928,17334,0.210107304,0.745817469,9286,0.316941604,0.664805871,5546,Trump,Republican,Romney,Republican,No
42119,Union County,PA,Northeast,"[  100,  500)","[118,71672]","[ 82,  215)","[ 5.0,10.0)",44874,44.7,88.8,8,21.3,315.98,48528,"[ 0, 5)","[ 4, 7)",42119,6138,10605,17400,0.352758621,0.609482759,4467,0.374559832,0.609316118,3800,Trump,Republican,Romney,Republican,No
42121,Venango County,PA,Northeast,"[   50,  100)","[ 45,  118)","[ 45,   82)","[ 0.0, 2.0)",53529,50.9,97,1.2,21.6,674.28,41977,"[ 5, 8)","[ 7, 8)",42121,5889,15254,22096,0.266518827,0.690351195,9365,0.359518652,0.622286402,5459,Trump,Republican,Romney,Republican,No
42123,Warren County,PA,Northeast,"[   10,   50)","[ 45,  118)","[ 45,   82)","[ 0.0, 2.0)",40703,49.9,98,0.5,19.8,884.14,43764,"[ 8,11)","[ 8,10)",42123,4828,12032,17624,0.273944621,0.682705402,7204,0.41112866,0.571923217,2647,Trump,Republican,Romney,Republican,No
42125,Washington County,PA,Northeast,"[  100,  500)","[118,71672]","[215,71672]","[ 2.0, 5.0)",208187,51.1,94.2,3.2,26.2,856.99,53693,"[ 5, 8)","[ 7, 8)",42125,34436,58941,96945,0.355211718,0.607983908,24505,0.427440663,0.560125669,11952,Trump,Republican,Romney,Republican,No
42127,Wayne County,PA,Northeast,"[   50,  100)","[ 45,  118)","[ 45,   82)","[ 2.0, 5.0)",51401,47.2,94.7,3.4,28.8,725.6,49313,"[11,54]","[12,54]",42127,6398,15269,22365,0.286071987,0.682718533,8871,0.388152246,0.597681961,4393,Trump,Republican,Romney,Republican,No
42129,Westmoreland County,PA,Northeast,"[  100,  500)","[118,71672]","[215,71672]","[ 2.0, 5.0)",359320,51.1,95.2,2.5,26.4,1027.55,50736,"[ 5, 8)","[ 7, 8)",42129,59506,116427,181740,0.327423792,0.640623968,56921,0.375676461,0.613061544,40049,Trump,Republican,Romney,Republican,No
42131,Wyoming County,PA,Northeast,"[   50,  100)","[ 45,  118)","[ 45,   82)","[ 0.0, 2.0)",28131,49.9,97.4,0.9,26.2,397.32,48482,"[ 8,11)","[ 8,10)",42131,3573,8375,12418,0.287727492,0.674424223,4802,0.429106474,0.551899411,1377,Trump,Republican,Romney,Republican,No
42133,York County,PA,Northeast,"[  100,  500)","[118,71672]","[215,71672]","[ 5.0,10.0)",440755,50.6,90,6.3,26.6,904.18,58745,"[ 5, 8)","[ 7, 8)",42133,67428,126933,203153,0.331907479,0.624814795,59505,0.386954516,0.598602959,39450,Trump,Republican,Romney,Republican,No
44001,Bristol County,RI,Northeast,"[ 1000, 5000)","[118,71672]","[215,71672]","[ 0.0, 2.0)",49060,51.9,95.6,1,25.8,24.16,71238,"[ 0, 5)","[ 0, 4)",44001,14532,8910,24691,0.588554534,0.360860232,5622,0.608354028,0.375198469,5727,Clinton,Democrat,Obama,Democrat,No
44003,Kent County,RI,Northeast,"[  500, 1000)","[118,71672]","[215,71672]","[ 0.0, 2.0)",165128,51.7,93.7,1.8,23.9,168.53,62279,"[ 0, 5)","[ 0, 4)",44003,37582,38141,79691,0.471596542,0.478611136,559,0.582106748,0.398539749,14180,Trump,Republican,Obama,Democrat,Yes
44005,Newport County,RI,Northeast,"[  500, 1000)","[118,71672]","[215,71672]","[ 2.0, 5.0)",82358,51,90.9,3.9,22.1,102.39,71713,"[ 0, 5)","[ 0, 4)",44005,22680,14975,39761,0.570408189,0.376625336,7705,0.579775558,0.40308299400000003,7164,Clinton,Democrat,Obama,Democrat,No
44007,Providence County,RI,Northeast,"[ 1000, 5000)","[118,71672]","[215,71672]","[10.0,15.0)",631974,51.5,80.4,11.1,23.1,409.5,49297,"[ 0, 5)","[ 0, 4)",44007,141597,90321,241818,0.585551944,0.373508176,51276,0.666498642,0.317584539,81678,Clinton,Democrat,Obama,Democrat,No
44009,Washington County,RI,Northeast,"[  100,  500)","[118,71672]","[215,71672]","[ 0.0, 2.0)",126653,51.6,94,1.4,25.9,329.24,72138,"[ 0, 5)","[ 0, 4)",44009,33511,27074,64160,0.522303616,0.421976309,6437,0.572825891,0.404805278,10238,Clinton,Democrat,Obama,Democrat,No
50001,Addison County,VT,Northeast,"[   10,   50)","[ 45,  118)","[ 45,   82)","[ 0.0, 2.0)",37009,50.1,95.4,1,23.8,766.33,57565,"[ 5, 8)","[ 7, 8)",50001,11217,5297,17592,0.637619372,0.301102774,5920,0.688785518,0.292215435,7076,Clinton,Democrat,Obama,Democrat,No
50003,Bennington County,VT,Northeast,"[   50,  100)","[ 45,  118)","[ 45,   82)","[ 0.0, 2.0)",36445,51.6,96.5,1,19,674.98,50221,"[ 8,11)","[ 8,10)",50003,9539,5925,16345,0.583603548,0.362496176,3614,0.657663317,0.324748744,5830,Clinton,Democrat,Obama,Democrat,No
50005,Caledonia County,VT,Northeast,"[   10,   50)","[ 45,  118)","[ 45,   82)","[ 0.0, 2.0)",30981,50.1,96.5,0.7,23.1,648.86,45395,"[ 8,11)","[ 8,10)",50005,6445,5533,12966,0.497069258,0.426731451,912,0.604798819,0.375636766,3104,Clinton,Democrat,Obama,Democrat,No
50007,Chittenden County,VT,Northeast,"[  100,  500)","[118,71672]","[215,71672]","[ 2.0, 5.0)",160531,51.1,92.2,2.3,20.1,536.58,63989,"[ 5, 8)","[ 4, 7)",50007,54463,18298,77263,0.704904029,0.236827459,36165,0.700565784,0.281807372,32048,Clinton,Democrat,Obama,Democrat,No
50009,Essex County,VT,Northeast,"[    0,   10)","[  0,   17)","[  9,   25)","[ 0.0, 2.0)",6125,49.3,97.1,0.4,27.5,663.6,35916,"[11,54]","[12,54]",50009,1019,1506,2706,0.376570584,0.55654102,487,0.555796316,0.42217407,370,Trump,Republican,Obama,Democrat,Yes
50011,Franklin County,VT,Northeast,"[   50,  100)","[ 45,  118)","[ 45,   82)","[ 0.0, 2.0)",48642,50.4,95.6,0.6,27.1,633.71,56240,"[ 8,11)","[ 8,10)",50011,9351,8752,19373,0.482682083,0.451762763,599,0.6103265,0.374841812,4652,Clinton,Democrat,Obama,Democrat,No
50013,Grand Isle County,VT,Northeast,"[   50,  100)","[ 45,  118)","[ 82,  215)","[ 0.0, 2.0)",6994,50.4,95.1,0.5,33,81.81,59509,"[ 8,11)","[ 8,10)",50013,2094,1487,3778,0.554261514,0.393594494,607,0.622785433,0.361958661,1060,Clinton,Democrat,Obama,Democrat,No
50015,Lamoille County,VT,Northeast,"[   50,  100)","[ 45,  118)","[ 45,   82)","[ 0.0, 2.0)",25082,50.1,96.4,0.8,25.5,458.8,52686,"[ 8,11)","[ 8,10)",50015,7241,3570,11641,0.622025599,0.306674684,3671,0.70202952,0.28111372,5019,Clinton,Democrat,Obama,Democrat,No
50017,Orange County,VT,Northeast,"[   10,   50)","[ 17,   45)","[ 25,   45)","[ 0.0, 2.0)",28859,50.2,96.9,0.6,26.2,687.03,52480,"[ 8,11)","[10,12)",50017,7522,4997,13464,0.558674985,0.371137849,2525,0.64988542,0.328559152,4487,Clinton,Democrat,Obama,Democrat,No
50019,Orleans County,VT,Northeast,"[   10,   50)","[ 17,   45)","[ 25,   45)","[ 0.0, 2.0)",27082,49.7,96.7,0.8,22.8,693.27,41953,"[11,54]","[12,54]",50019,5181,5158,10988,0.471514379,0.469421187,23,0.611813258,0.370217522,2810,Clinton,Democrat,Obama,Democrat,No
50021,Rutland County,VT,Northeast,"[   50,  100)","[ 45,  118)","[ 45,   82)","[ 0.0, 2.0)",60086,50.7,97.1,0.6,20.4,929.82,49271,"[ 8,11)","[ 8,10)",50021,13629,12471,27660,0.492733189,0.450867679,1158,0.601358485,0.381290913,6253,Clinton,Democrat,Obama,Democrat,No
50023,Washington County,VT,Northeast,"[   50,  100)","[ 45,  118)","[ 82,  215)","[ 0.0, 2.0)",58998,50.5,96.1,0.9,22.2,687.23,57281,"[ 5, 8)","[ 7, 8)",50023,18594,7993,28654,0.648914637,0.278948838,10601,0.700506042,0.278563806,12257,Clinton,Democrat,Obama,Democrat,No
50025,Windham County,VT,Northeast,"[   50,  100)","[ 45,  118)","[ 45,   82)","[ 0.0, 2.0)",43714,50.8,95.4,1.2,21.1,785.31,50234,"[ 8,11)","[ 8,10)",50025,14340,5462,21151,0.677982129,0.258238381,8878,0.73744554,0.245081403,10736,Clinton,Democrat,Obama,Democrat,No
50027,Windsor County,VT,Northeast,"[   50,  100)","[ 45,  118)","[ 45,   82)","[ 0.0, 2.0)",56014,51,96.5,0.7,21.8,969.34,52460,"[ 8,11)","[ 8,10)",50027,17544,8604,27832,0.63035355,0.309140558,8940,0.682871997,0.301496417,10857,Clinton,Democrat,Obama,Democrat,No
